{
  "cumulative_return": 0.31521019872248734,
  "cagr": 0.11789177467043399,
  "volatility": 0.1927868454742459,
  "sharpe_ratio": 0.5077720652030234,
  "sortino_ratio": 0.7118618708745768,
  "max_drawdown": -0.17719921271874362,
  "calmar_ratio": 0.665306424682347,
  "beta": 0.8749015788833319,
  "alpha": 0.009539408356792206,
  "tracking_error": 0.11382691113629873,
  "information_ratio": -0.02717913721426061,
  "benchmark_return": 0.3241770126172112
}